model,iou_threshold,accuracy,precision,recall,f1_score,images,time_sec,images_per_sec,avg_time_per_image
FCENet.pth,0.5,0.228,0.39,0.228,0.2877,446,103.13,4.32,0.23123318385650224
DBNetPP.pth,0.5,0.355,0.0583,0.355,0.1001,446,739.91,0.6,1.6589910313901344
DRRG.pth,0.5,0.0,0.0,0.0,0.0,446,1362.37,0.33,3.054641255605381
MaskRCNN.pth,0.5,0.637,0.0673,0.637,0.1218,446,1546.58,0.29,3.4676681614349776
YOLOv11 cải tiến,0.5,0.6268,0.2437,0.6268,0.3509,446,391.7,1.14,0.8782511210762332
PSENet.pth,0.5,0.2283,0.2281,0.2283,0.2282,446,157.89,2.82,0.3540134529147982
TextSnake.pth,0.5,0.242,0.1396,0.242,0.177,446,185.09,2.41,0.415
PANNet.pth,0.5,0.0326,0.0023,0.0326,0.0043,446,446.06,1.0,1.0001345291479822
